,able,enable,adequately,benign,buoyant,buoyancy,comfortable,confident,enhance,favorable,favourably,healthy,improve,improvement,mitigate,positive,positively,profits,rebound,recover,recovery,resilience,resilient,solid,sound,stabilise,stabilize,success,successful,successfully
0,,allow,properly,relatively_benign,,softness,comsortable,consident,improve,,,robust,enhance,,minimise,,,proflts,bounce_back,bounce_back,rebind,strength,robust,strong,,stabilize,stabilise,suc_cess,succesful,effectively
1,oblige,help,,favourable,,,happy,hopeful,strengthen,favourable,,decent,strengthen,upturn,counteract,bullish,favourably,prots,rebound_strongly,rebound,upturn,robustness,buoyant,robust,,,normalise,achievement,profitable,
2,try,facilitate,adequate,favorable,,,,optimistic,maximise,,favourable,strong,,,ameliorate,upbeat,warmly,prolts,recover,recoup,upswing,,surprisingly_resilient,impressive,,normalise,reflate,uccess,sucessful,vigorously
3,need,require,sufficiently_robust,robust,,resilience,luxurious,sceptical,greatly_enhance,relatively_benign,,solid,boost,acceleration,alleviate,favourable,sympathetically,profis,,,growth,buoyancy,remarkably_resilient,healthy,,restore_confidence,stabilization,sucess,successfu,successful
4,eager,ensure,appropriately,positive,resilient,steadiness,,cautiously_optimistic,bolster,benign,positively,respectable,mprove,recovery,offset,,profoundly,proits,,regain,,,strong,stable,,,restore_confidence,accomplishment,ambitious,skilfully
5,allow,able,,subdue,,firmness,pleasant,convince,optimise,positive,sympathetically,stable,,mprovement,lessen,,naturally,profi,,stabilise,,,stable,solidly,,recover,regain_momentum,succes,suc_cessful,satisfactorily
6,keen,encourage,fully,,robust,strength,agreeable,reasonably_confident,maximize,,favorable,resilient,bolster,increase,negate,benign,thoroughly,prolits,,,revival,dynamism,,stellar,,strengthen,,breakthrough,innovative,energetically
7,enable,assist,sufficiently,accommodative,strong,tightness,risk_averse,believe,,,cautiously,buoyant,increase,uplift,minimize,strong,somewhat,prolt,rebind,,nascent_recovery,solidity,,resilient,,regain_momentum,readjust,resilience,uccessful,intensively
8,ability,complement,prudently,,,upswing,relax,adamant,boost,accommodative,optimistic,,mproved,improve,neutralise,,clearly,proflt,,,turnround,steadiness,healthy,respectable,,reflate,deleverage,prowess,hugely_successful,robustly
9,ready,empower,sufficient,,,upturn,,assure,complement,remunerative,,sustainable,improvement,rebind,outweigh,cautious,positive,prfits,,rebound_strongly,turnaround,durability,,,,restore,rebalance,ambition,excite,swiftly
10,enough,need,rigorously,,buoyancy,,comfy,hope,underpin,reliable_indicator,sanguine,satisfactory,maintain,,quantify,robust,mildly,profl,,,improvement,vitality,,sturdy,,,recalibrate,dynamism,prestigious,efficiently
11,want,incentivise,accurately,predictable,,buoyant,closely_align,supportive,reinforce,propitious,kindly,good,optimise,,magnify,favorable,distinctly,profts,,,bounceback,,profitable,,,rebalance,,outperformance,sophisticate,rapidly
12,wish,seek,correctly,perverse,upbeat,upward_trend,attractive,,,,keenly,,restore,uptick,avoid,,,prost,,,cyclical_upswing,toughness,benign,decent,,revive,,progress,cessful,dynamically
13,,want,adequacy,mute,doldrums,bullish_sentiment,safe,,maintain,important_determinant,toppy,positive,accelerate,,reduce,optimistic,inwardly,proit,climb,,,,,enviable,,stabilisation,stabilisation,survival,successul,profitably
14,incline,use,susficient,,favourable,bullish_mood,hospitable,,facilitate,stable,positive,steady,maximise,slight_improvement,eliminate,,differently,prols,bounce,,ecovery,success,solid,buoyant,,soften,kickstart,strength,impressive,consistently
15,able,enable,adequately,benign,buoyant,buoyancy,comfortable,confident,enhance,favorable,favourably,healthy,improve,improvement,mitigate,positive,positively,profits,rebound,recover,recovery,resilience,resilient,solid,sound,stabilise,stabilize,success,successful,successfully
